{
  "version": "0.3.5",
  "timestamp": "2026-04-26 03:25:36Z",
  "latency_mode": "generation",
  "latency_ms": 261.40954133976874,
  "model": "qwen3.5-27b",
  "prefix_caching_enabled": true,
  "max_concurrency": 1,
  "benchmarks": [
    {
      "concurrency": 1,
      "context_size": 0,
      "prompt_size": 2048,
      "response_size": 128,
      "is_context_prefill_phase": false,
      "pp_throughput": {
        "mean": 1001.7721733293207,
        "std": 104.01579954971055,
        "values": [
          796.8107982137407,
          1041.9281794678684,
          1059.4572602345374,
          1028.782210836954,
          1081.8824178935029
        ]
      },
      "pp_req_throughput": {
        "mean": 1001.7721733293207,
        "std": 104.01579954971055,
        "values": [
          796.8107982137407,
          1041.9281794678684,
          1059.4572602345374,
          1028.782210836954,
          1081.8824178935029
        ]
      },
      "tg_throughput": {
        "mean": 4.354467169277713,
        "std": 0.006786101949241105,
        "values": [
          4.363753123000038,
          4.359225369817516,
          4.355300691723311,
          4.349266533063993,
          4.3447901287837105
        ]
      },
      "tg_req_throughput": {
        "mean": 4.354467169277713,
        "std": 0.006786101949241105,
        "values": [
          4.363753123000038,
          4.359225369817516,
          4.355300691723311,
          4.349266533063993,
          4.3447901287837105
        ]
      },
      "peak_throughput": {
        "mean": 5.0,
        "std": 0.0,
        "values": [
          5.0,
          5.0,
          5.0,
          5.0,
          5.0
        ]
      },
      "peak_req_throughput": {
        "mean": 5.0,
        "std": 0.0,
        "values": [
          5.0,
          5.0,
          5.0,
          5.0,
          5.0
        ]
      },
      "ttfr": {
        "mean": 2131.5895549952984,
        "std": 246.69079331137812,
        "values": [
          2608.265287009999,
          2125.261617009528,
          2014.1937920125201,
          1933.289149950724,
          1976.9379289937206
        ]
      },
      "est_ppt": {
        "mean": 1870.1800136555296,
        "std": 246.6907933113782,
        "values": [
          2346.8557456702306,
          1863.8520756697592,
          1752.7842506727513,
          1671.8796086109553,
          1715.5283876539518
        ]
      },
      "e2e_ttft": {
        "mean": 2131.6709124017507,
        "std": 246.6926375714476,
        "values": [
          2608.3530639880337,
          2125.329346046783,
          2014.2855040030554,
          1933.37377399439,
          1977.0128739764914
        ]
      },
      "throughput_over_time": null,
      "requests_throughput_over_time": null
    },
    {
      "concurrency": 1,
      "context_size": 4096,
      "prompt_size": 2048,
      "response_size": 128,
      "is_context_prefill_phase": true,
      "pp_throughput": {
        "mean": 1191.8656801077534,
        "std": 10.761894297308402,
        "values": [
          1173.807803640885,
          1186.9306274046442,
          1193.6701483999886,
          1201.7821739991493,
          1203.1376470940993
        ]
      },
      "pp_req_throughput": {
        "mean": 1191.8656801077534,
        "std": 10.761894297308402,
        "values": [
          1173.807803640885,
          1186.9306274046442,
          1193.6701483999886,
          1201.7821739991493,
          1203.1376470940993
        ]
      },
      "tg_throughput": {
        "mean": 4.332928966390187,
        "std": 0.008368563439387309,
        "values": [
          4.337472231721718,
          4.316219511950551,
          4.337350464659667,
          4.3361778626887535,
          4.337424760930245
        ]
      },
      "tg_req_throughput": {
        "mean": 4.332928966390187,
        "std": 0.008368563439387309,
        "values": [
          4.337472231721718,
          4.316219511950551,
          4.337350464659667,
          4.3361778626887535,
          4.337424760930245
        ]
      },
      "peak_throughput": {
        "mean": 5.0,
        "std": 0.0,
        "values": [
          5.0,
          5.0,
          5.0,
          5.0,
          5.0
        ]
      },
      "peak_req_throughput": {
        "mean": 5.0,
        "std": 0.0,
        "values": [
          5.0,
          5.0,
          5.0,
          5.0,
          5.0
        ]
      },
      "ttfr": {
        "mean": 3320.096729393117,
        "std": 54.163804654287866,
        "values": [
          3337.7223659772426,
          3377.0086459699087,
          3237.1059720171615,
          3370.1259800000116,
          3278.520683001261
        ]
      },
      "est_ppt": {
        "mean": 3058.687188053349,
        "std": 54.163804654287866,
        "values": [
          3076.312824637474,
          3115.59910463014,
          2975.696430677393,
          3108.716438660243,
          3017.1111416614926
        ]
      },
      "e2e_ttft": {
        "mean": 3320.175584196113,
        "std": 54.186466194590665,
        "values": [
          3337.76244596811,
          3377.1624229848385,
          3237.1672200388275,
          3370.2083489624783,
          3278.577483026311
        ]
      },
      "throughput_over_time": null,
      "requests_throughput_over_time": null
    },
    {
      "concurrency": 1,
      "context_size": 4096,
      "prompt_size": 2048,
      "response_size": 128,
      "is_context_prefill_phase": false,
      "pp_throughput": {
        "mean": 949.3121728007907,
        "std": 45.17689372731528,
        "values": [
          930.6626367687102,
          912.3471831625376,
          1037.9224522040215,
          925.9440163564051,
          939.6845755122793
        ]
      },
      "pp_req_throughput": {
        "mean": 949.3121728007907,
        "std": 45.17689372731528,
        "values": [
          930.6626367687102,
          912.3471831625376,
          1037.9224522040215,
          925.9440163564051,
          939.6845755122793
        ]
      },
      "tg_throughput": {
        "mean": 4.326705286934587,
        "std": 0.0010677894976918684,
        "values": [
          4.326255345665948,
          4.325134675669734,
          4.327209038458948,
          4.326561607365806,
          4.328365767512497
        ]
      },
      "tg_req_throughput": {
        "mean": 4.326705286934587,
        "std": 0.0010677894976918684,
        "values": [
          4.326255345665948,
          4.325134675669734,
          4.327209038458948,
          4.326561607365806,
          4.328365767512497
        ]
      },
      "peak_throughput": {
        "mean": 5.0,
        "std": 0.0,
        "values": [
          5.0,
          5.0,
          5.0,
          5.0,
          5.0
        ]
      },
      "peak_req_throughput": {
        "mean": 5.0,
        "std": 0.0,
        "values": [
          5.0,
          5.0,
          5.0,
          5.0,
          5.0
        ]
      },
      "ttfr": {
        "mean": 2423.3627559966408,
        "std": 96.72431583236317,
        "values": [
          2461.9921360281296,
          2506.169033993501,
          2234.582002973184,
          2473.2063279952854,
          2440.8642789931037
        ]
      },
      "est_ppt": {
        "mean": 2161.953214656872,
        "std": 96.72431583236326,
        "values": [
          2200.582594688361,
          2244.7594926537327,
          1973.1724616334152,
          2211.796786655517,
          2179.454737653335
        ]
      },
      "e2e_ttft": {
        "mean": 2423.4607596183196,
        "std": 96.71364819731039,
        "values": [
          2462.0752570335753,
          2506.267033983022,
          2234.7027710056864,
          2473.2997360406443,
          2440.95900002867
        ]
      },
      "throughput_over_time": null,
      "requests_throughput_over_time": null
    },
    {
      "concurrency": 1,
      "context_size": 100000,
      "prompt_size": 2048,