{
  "version": "0.3.5",
  "timestamp": "2026-04-26 02:45:42Z",
  "latency_mode": "generation",
  "latency_ms": 189.20023265915611,
  "model": "qwen3.5-27b",
  "prefix_caching_enabled": true,
  "max_concurrency": 1,
  "benchmarks": [
    {
      "concurrency": 1,
      "context_size": 0,
      "prompt_size": 2048,
      "response_size": 128,
      "is_context_prefill_phase": false,
      "pp_throughput": {
        "mean": 1347.5647800991092,
        "std": 196.3038084853431,
        "values": [
          964.1635990737084,
          1367.1670227262741,
          1468.5805916155668,
          1444.6812264925852,
          1493.2314605874117
        ]
      },
      "pp_req_throughput": {
        "mean": 1347.5647800991092,
        "std": 196.3038084853431,
        "values": [
          964.1635990737084,
          1367.1670227262741,
          1468.5805916155668,
          1444.6812264925852,
          1493.2314605874117
        ]
      },
      "tg_throughput": {
        "mean": 24.164456678857597,
        "std": 3.121552313054679,
        "values": [
          18.62503367924595,
          27.160532953449785,
          24.393084762095558,
          23.543118160297553,
          27.100513839199152
        ]
      },
      "tg_req_throughput": {
        "mean": 24.164456678857597,
        "std": 3.121552313054679,
        "values": [
          18.62503367924595,
          27.160532953449785,
          24.393084762095558,
          23.543118160297553,
          27.100513839199152
        ]
      },
      "peak_throughput": {
        "mean": 6.0,
        "std": 0.0,
        "values": [
          6.0,
          6.0,
          6.0,
          6.0,
          6.0
        ]
      },
      "peak_req_throughput": {
        "mean": 6.0,
        "std": 0.0,
        "values": [
          6.0,
          6.0,
          6.0,
          6.0,
          6.0
        ]
      },
      "ttfr": {
        "mean": 1626.1718529858626,
        "std": 270.59801977552695,
        "values": [
          2158.7829900090583,
          1582.5925309909508,
          1440.7488439464942,
          1468.375157972332,
          1480.359742010478
        ]
      },
      "est_ppt": {
        "mean": 1436.9716203267064,
        "std": 270.59801977552695,
        "values": [
          1969.582757349902,
          1393.3922983317946,
          1251.548611287338,
          1279.174925313176,
          1291.1595093513217
        ]
      },
      "e2e_ttft": {
        "mean": 1626.2476195814088,
        "std": 270.6167822736071,
        "values": [
          2158.898269990459,
          1582.6416990021244,
          1440.7921079546213,
          1468.4501339797862,
          1480.455886980053
        ]
      },
      "throughput_over_time": null,
      "requests_throughput_over_time": null
    },
    {
      "concurrency": 1,
      "context_size": 4096,
      "prompt_size": 2048,
      "response_size": 128,
      "is_context_prefill_phase": true,
      "pp_throughput": {
        "mean": 1476.2046848189646,
        "std": 19.485174781330777,
        "values": [
          1438.6928597162298,
          1480.5519803595198,
          1494.2588314726995,
          1487.7729880972877,
          1479.746764449086
        ]
      },
      "pp_req_throughput": {
        "mean": 1476.2046848189646,
        "std": 19.485174781330777,
        "values": [
          1438.6928597162298,
          1480.5519803595198,
          1494.2588314726995,
          1487.7729880972877,
          1479.746764449086
        ]
      },
      "tg_throughput": {
        "mean": 22.224723123012822,
        "std": 2.5791892544743105,
        "values": [
          19.42406207836479,
          24.043393069117222,
          24.882630259295418,
          18.775155852721042,
          23.99837435556564
        ]
      },
      "tg_req_throughput": {
        "mean": 22.224723123012822,
        "std": 2.5791892544743105,
        "values": [
          19.42406207836479,
          24.043393069117222,
          24.882630259295418,
          18.775155852721042,
          23.99837435556564
        ]
      },
      "peak_throughput": {
        "mean": 6.2,
        "std": 0.39999999999999997,
        "values": [
          6.0,
          6.0,
          6.0,
          7.0,
          6.0
        ]
      },
      "peak_req_throughput": {
        "mean": 6.2,
        "std": 0.39999999999999997,
        "values": [
          6.0,
          6.0,
          6.0,
          7.0,
          6.0
        ]
      },
      "ttfr": {
        "mean": 2707.5303877936676,
        "std": 93.79858608158843,
        "values": [
          2815.8901300048456,
          2799.71310304245,
          2593.0675709969364,
          2605.563500954304,
          2723.4176339698024
        ]
      },
      "est_ppt": {
        "mean": 2518.3301551345116,
        "std": 93.79858608158843,
        "values": [
          2626.6898973456896,
          2610.512870383294,
          2403.8673383377804,
          2416.363268295148,
          2534.2174013106464
        ]
      },
      "e2e_ttft": {
        "mean": 2707.5910311890766,
        "std": 93.81059341810929,
        "values": [
          2815.973953984212,
          2799.769808014389,
          2593.112754984759,
          2605.609100952279,
          2723.489538009744
        ]
      },
      "throughput_over_time": null,
      "requests_throughput_over_time": null
    },
    {
      "concurrency": 1,
      "context_size": 4096,
      "prompt_size": 2048,
      "response_size": 128,
      "is_context_prefill_phase": false,
      "pp_throughput": {
        "mean": 457.1934698530152,
        "std": 11.466247776312683,
        "values": [
          447.53522953910726,
          442.17762771423463,
          462.7577150385217,
          474.65608424983213,
          458.8406927233799
        ]
      },
      "pp_req_throughput": {
        "mean": 457.1934698530152,
        "std": 11.466247776312683,
        "values": [
          447.53522953910726,
          442.17762771423463,
          462.7577150385217,
          474.65608424983213,
          458.8406927233799
        ]
      },
      "tg_throughput": {
        "mean": 22.933191159471754,
        "std": 3.545590264344221,
        "values": [
          28.835117802850174,
          22.23011532904322,
          23.02055457178208,
          17.687264892306747,
          22.892903201376566
        ]
      },
      "tg_req_throughput": {
        "mean": 22.933191159471754,
        "std": 3.545590264344221,
        "values": [
          28.835117802850174,
          22.23011532904322,
          23.02055457178208,
          17.687264892306747,
          22.892903201376566
        ]
      },
      "peak_throughput": {
        "mean": 6.2,
        "std": 0.39999999999999997,
        "values": [
          6.0,
          6.0,
          6.0,
          6.0,
          7.0
        ]
      },
      "peak_req_throughput": {
        "mean": 6.2,
        "std": 0.39999999999999997,
        "values": [
          6.0,
          6.0,
          6.0,
          6.0,
          7.0
        ]
      },
      "ttfr": {
        "mean": 4671.513562998734,
        "std": 112.04041452616754,
        "values": [
          4765.376285009552,
          4820.823072979692,
          4614.842276962008,
          4503.90316802077,
          4652.62301202165
        ]
      },
      "est_ppt": {
        "mean": 4482.313330339577,
        "std": 112.04041452616754,
        "values": [
          4576.176052350395,
          4631.622840320536,
          4425.642044302852,
          4314.7029353616135,
          4463.422779362493
        ]
      },
      "e2e_ttft": {
        "mean": 4671.592894184869,
        "std": 112.04079733973492,
        "values": [
          4765.429308987223,
          4820.905536995269,
          4614.933476957958,
          4503.961647977121,
          4652.734500006773
        ]
      },
      "throughput_over_time": null,